-- MySQL dump 10.13  Distrib 8.0.26, for Win64 (x86_64)
--
-- Host: 127.0.0.1    Database: paybuddy
-- ------------------------------------------------------
-- Server version	5.7.30-log

/*!40101 SET @OLD_CHARACTER_SET_CLIENT=@@CHARACTER_SET_CLIENT */;
/*!40101 SET @OLD_CHARACTER_SET_RESULTS=@@CHARACTER_SET_RESULTS */;
/*!40101 SET @OLD_COLLATION_CONNECTION=@@COLLATION_CONNECTION */;
/*!50503 SET NAMES utf8 */;
/*!40103 SET @OLD_TIME_ZONE=@@TIME_ZONE */;
/*!40103 SET TIME_ZONE='+00:00' */;
/*!40014 SET @OLD_UNIQUE_CHECKS=@@UNIQUE_CHECKS, UNIQUE_CHECKS=0 */;
/*!40014 SET @OLD_FOREIGN_KEY_CHECKS=@@FOREIGN_KEY_CHECKS, FOREIGN_KEY_CHECKS=0 */;
/*!40101 SET @OLD_SQL_MODE=@@SQL_MODE, SQL_MODE='NO_AUTO_VALUE_ON_ZERO' */;
/*!40111 SET @OLD_SQL_NOTES=@@SQL_NOTES, SQL_NOTES=0 */;

--
-- Table structure for table `compte_personnel`
--

DROP TABLE IF EXISTS `compte_personnel`;
/*!40101 SET @saved_cs_client     = @@character_set_client */;
/*!50503 SET character_set_client = utf8mb4 */;
CREATE TABLE `compte_personnel` (
  `id_compte_personnel` int(11) NOT NULL AUTO_INCREMENT,
  `adresse_mail` varchar(255) NOT NULL,
  `numero_de_compte` int(11) DEFAULT NULL,
  `password` varchar(255) DEFAULT NULL,
  `pseudo` varchar(16) NOT NULL,
  `solde` double DEFAULT NULL,
  PRIMARY KEY (`id_compte_personnel`),
  UNIQUE KEY `UK_nm2q4nx127ifv8ko2trjpbg60` (`adresse_mail`),
  UNIQUE KEY `UK_gru4d7gecwd9ynvibrctp1sm6` (`pseudo`)
) ENGINE=InnoDB AUTO_INCREMENT=564 DEFAULT CHARSET=latin1;
/*!40101 SET character_set_client = @saved_cs_client */;

--
-- Dumping data for table `compte_personnel`
--

LOCK TABLES `compte_personnel` WRITE;
/*!40000 ALTER TABLE `compte_personnel` DISABLE KEYS */;
INSERT INTO `compte_personnel` VALUES (417,'compte1',1,'compte1','compte1',2320),(418,'compte2',2,'compte2','compte2',3509),(419,'compte3',3,'compte3','compte3',71),(420,'compte4',4,'compte4','compte4',8509),(421,'Martinez',12345,'MT','Mathieu',0),(422,'compte8@compte8',8,'compte8','compte8',0),(423,'paul@gmail.com',1234,'paul123','paul',525),(424,'compte9@gmail.com',9,'compte9','compte9',1000),(425,'compte10@gmail.com',10,'compte10','compte10',510),(426,'compte11@compte11.com',11,'compte11','compte11',500),(427,'compte12@compte12.com',12,'compte12','compte12',150),(428,'GPGKUKJM',5765,'PNIYDJCLF','YKRTDHX',3058.63),(429,'UAOHOES',5510,'GTDRYTMJ','OCTRPR',6638.37),(430,'EOQCKMW',10123,'PPIGDJ','WBIIOW',11991),(431,'KRCDHW',12008,'GTIUKI','VYKYACSLC',7497),(432,'GQGTXM',2009,'OEZXFRKXI','GFXSOPSP',1129.325),(433,'OHVPIJ',10426,'OONOUV','UMBRBA',9972.675),(434,'WPLUENML',1960,'NPNQWIQS','LFRQNGHN',6583),(435,'UNMQFXK',10371,'BCTQAYN','CYTMHKRUT',10107),(436,'AUHRCQQ',10803,'SENEDQW','EPMYFJKGF',4710),(437,'KPMMUA',4951,'WKGIMCS','NKIKR',4007),(438,'LLABIDLM',9934,'SEOOOVR','MEYOKC',11041),(439,'JPUAB',11354,'IBXGDT','KRYBMYAKH',6986),(440,'CCHJGXG',4344,'UDGPIS','GIVCGS',5633),(441,'OLDTA',6719,'UMUEYSUT','NIFDLBAJA',8181),(442,'WZQEFWZS',7931,'ZQKDDFSQ','ZQSZIXK',1069),(443,'DXGZDBM',6720,'YGWBDX','XXXGLZ',11609),(444,'GAVXNFG',10651,'SZIBPQ','AXFPIBC',11043),(445,'DSVKKF',2789,'IRLENP','YKHXRZ',8329),(446,'MMPSX',8844,'RBVSNR','VSRVWN',1269),(447,'WGUFS',7218,'HIWNQ','DOEFCCXN',9724),(448,'HHWRA',7678,'UTHWEMHJ','BOICQ',11490),(449,'ASLXHL',3654,'CEVZI','ABBEEX',6302),(450,'CNBMLEZLJ',4800,'EWYJZYWK','TGUTRL',1007),(451,'XQFHXLV',11262,'AERVGNTQJY','IUPOUBB',2374),(452,'JKCHZI',10306,'YWFCUEM','MZATLF',4254),(453,'CCKGYTS',9400,'ZNGUDZAE','SEUATQUJ',6692),(454,'DWBKGAM',4478,'NRIXI','YYDUHB',2902),(455,'FTCJGQCU',3015,'MJCBLY','DEYKHGE',8299),(456,'MBHBXHC',5136,'FZPBR','GGKBLMHJ',10412),(457,'RKPUK',1265,'LQVOZ','RMGCGLL',4516),(458,'ISDHWP',10126,'VCCNUZHX','MDKMIUETUD',9069),(459,'VMKIQNBV',7695,'OUIPVF','CZGZG',1980),(460,'NPBQD',10361,'BMYXQ','OXBKQ',7513),(461,'RVYZSNO',5707,'ODLXYHX','EZESKNH',6045),(462,'CSRIABL',1709,'WDMJFE','KUWHVXB',6048),(463,'UEKFW',9430,'DZGNUMRO','GGIUNO',6123),(464,'IXMVPKK',9361,'RQKGVR','DLCZRRZBM',2133.7775),(465,'MFQPLZ',10777,'TTZGGBKG','TFSMYSZE',4592.2225),(466,'HXBYH',3253,'DYUXXEH','QCUATCML',9735),(467,'OCWARM',9685,'NBDDTUWYM','VMUXWKMFHMQ',6309),(468,'CEDFBUDT',4713,'AOZPUZR','UYLUGANA',1977),(469,'CMYWHAOXL',2075,'UVAJRG','VNDCQU',4498),(470,'KYRIP',1284,'GFZEBRNL','YDMXDPV',8956),(471,'JIDRAJHJ',9375,'TNSEC','CAMVDLQ',3926),(472,'TKGMLAC',9933,'AEHYM','AQKFJYN',3486.48),(473,'DEDZXBRM',11600,'RGJVVWYT','SEEKA',7011.52),(474,'USVQDG',6044,'ITUWHNAML','ZZVDXT',2703),(475,'BYHNIT',8651,'VCDRH','AMZSIOB',6754),(476,'HXBIEE',11913,'QASYGIIEXL','YINWRQAXTH',2500),(477,'CXIVZCYHIC',3987,'EQRPBDPDX','TBSEEISS',7840),(478,'EWOFSB',10866,'JTQUVP','VDCYG',9238),(479,'YCBTXRJ',4142,'TTKVIAJ','NXLTBQBI',11002),(480,'RSRUR',6682,'SLCTRETN','FPQLMT',5017),(481,'UICEUMFC',10783,'IFSLO','BDOZOS',6652),(482,'RFTCFOJK',7141,'KYWNHJH','TCMYGFIW',1545),(483,'PYPQGDQ',11079,'NIBVDS','MLHBMVH',9888),(484,'ESLXC',4560,'LBXGO','HKKQTGE',14253),(485,'UXUDLPV',10768,'FRBTJXDK','OYKXDD',9421),(486,'LVZPJV',1797,'ACMLFQP','AZBBZY',9641),(487,'FZPZD',10964,'HHNXJC','RNNHWSJ',1928),(488,'SMFFVAU',10413,'CWSRKOC','XDRSD',8417),(489,'ILSLERFUCB',11095,'SKTYCD','YHJCK',10830),(490,'SFHKM',3821,'SUFGHDR','XHHWLLRC',8867),(491,'MEAGVAB',9828,'OYOFRV','VYAMOFO',6084),(492,'XUGYXFNKZ',8061,'BCPRU','OOPVTA',1127),(493,'BUINCTMTQX',9160,'CKTRUCS','IRNSOVR',11032),(494,'EKHOZKLTU',10433,'WRTAIUXL','OKLEK',8957),(495,'KOQFUEJUS',8800,'VMQQYPN','HSKJOFQEHE',6956),(496,'GHOGVC',5566,'BTTHRRDP','YAFMGRF',8287),(497,'CDRMCQZ',11476,'XNKHZVB','IJYUD',6071),(498,'YFWWPZIU',7812,'ITKZXCDR','FBQCJJ',3130),(499,'AEWXUX',10930,'XRPCZHBVY','RUTEYF',10176),(500,'ZVXRNE',2537,'CVGIENT','GSTHZDY',4544),(501,'GSOIVK',6887,'UIZFBKZCO','GITPDV',4259),(502,'XTTGHOIV',4754,'DAHWJYGSU','JXYFIDZ',2606),(503,'WPKSTTPF',5522,'AWIZUWBIK','EYLEIIFN',3175),(504,'ZRCHBIE',1509,'IKUUV','UJDXYWASSVL',8913),(505,'FSEJEA',2071,'UPNONZ','JQFPG',3817),(506,'CCDNYHXYU',10992,'KTMPKA','RVRXRNNXE',7179),(507,'XFDZAC',6881,'XRKPHZ','ZMRDC',4776),(508,'GTZBPNYECP',6334,'DHKUD','RHYEB',10618),(509,'LXPHXUS',4182,'FRKSVJBUEL','HCBSX',2940),(510,'MQSKLTV',10829,'FGEFATH','HABZQRMF',5121),(511,'WRRBUV',3100,'KALXKAHW','LWQKUVAZK',1770),(512,'HPJVGFCDH',1371,'ANCUZHAUH','QAIGNNM',9036),(513,'KYUSIPHR',7151,'EZPMFVJ','WFRXUMHT',2013),(514,'YEPZRPA',2240,'CJVRBN','HJKBBK',9310),(515,'BLDYSQWTS',10333,'LXKWE','KUWLPGN',4002),(516,'QBGBNYH',3260,'IQKFVQXWI','QXYMFXH',9108),(517,'BKNBQJVCBG',7067,'ECIRUW','IEMPR',9176),(518,'GRUOWZVH',4681,'YYSVCTBP','BRJASVJ',2485),(519,'ZXGJHHSHU',9257,'FXOQPM','EQEDIC',2585),(520,'XVOYWY',3880,'RMQVJI','XXNSVK',1975),(521,'RLEQMBYX',6553,'STWVTFDO','RPLCPHO',1964),(522,'NJOVCHJYI',10539,'RTYNN','QVWOCU',6963),(523,'MBHDD',1882,'HDABLV','VJVYF',10022),(524,'TAYOI',11994,'STCHOG','HWVKGY',7257),(525,'LHRNQD',8244,'WKSOBIDGL','OQGMDH',7157),(526,'WVZVCBNKOY',3820,'UCNJIUKO','AKFLPX',7795),(527,'QAVWAQC',1648,'DLWDS','EDLPEVL',2544),(528,'OTGBSN',10615,'UWXIGQYKR','XAEDBEWL',7102),(529,'PDFZTD',2468,'UJVYDL','KXNLTGSF',12048),(530,'VOGMJHWM',4625,'ECXHAMAHY','PMNQIHNM',3328),(531,'KVSZARH',4753,'MBKUOIV','WFXREAUAQR',3439),(536,'YTRQSP',8283,'DZVBTNJU','OGUVADX',10627),(537,'QLMAQDUE',4881,'YYIIT','XJVLG',8631),(538,'MBQWDNG',2391,'JMWOFP','XUYSORO',9598),(539,'MGULEH',11735,'LILTTP','BUTFPW',11541),(544,'NKBSQ',2185,'RIONAVAU','WCTACIUDP',6975),(545,'HENEACHGZ',8781,'NCQDSJXQ','JWIKLEIS',3454),(546,'XJFYFRFPXJ',11276,'SQTVGFX','LRJMDKK',10917),(547,'UMKTVGC',10464,'DRRDIRO','BFAHLI',7807),(548,'WSTAXNT',1738,'YHFAETF','LMGVNJMZ',9527),(549,'NHINIUWCH',2170,'DYQVQPL','IYGBH',9769),(550,'TYXXQN',3475,'FHPXUK','BONVED',8064),(551,'QRMNA',8433,'JTSVKHAG','YQKJOZCY',1724),(556,'EXUQWJWDR',6219,'ZSTYFPI','ZBCITA',1769),(557,'GYYLHEK',11876,'SEGQB','DWLFVMYRE',3616),(558,'OKKAWLP',3290,'BBZBARNTBN','JQBSVDI',2761),(559,'ICEQAESVY',10443,'BKKBBEF','JDXOGP',6860),(560,'GBWUKLL',5027,'RXPJNYR','UPTYDGM',2074),(561,'JUFLBCCAQ',6467,'LHCUL','ZBMWDVV',5172),(562,'LJWYHE',1437,'WWQXOQ','MPQDSL',6403),(563,'GOKAA',4514,'MCJQQEIY','DHFUZYFCN',5112);
/*!40000 ALTER TABLE `compte_personnel` ENABLE KEYS */;
UNLOCK TABLES;
/*!40103 SET TIME_ZONE=@OLD_TIME_ZONE */;

/*!40101 SET SQL_MODE=@OLD_SQL_MODE */;
/*!40014 SET FOREIGN_KEY_CHECKS=@OLD_FOREIGN_KEY_CHECKS */;
/*!40014 SET UNIQUE_CHECKS=@OLD_UNIQUE_CHECKS */;
/*!40101 SET CHARACTER_SET_CLIENT=@OLD_CHARACTER_SET_CLIENT */;
/*!40101 SET CHARACTER_SET_RESULTS=@OLD_CHARACTER_SET_RESULTS */;
/*!40101 SET COLLATION_CONNECTION=@OLD_COLLATION_CONNECTION */;
/*!40111 SET SQL_NOTES=@OLD_SQL_NOTES */;

-- Dump completed on 2021-12-20 17:04:33

-- MySQL dump 10.13  Distrib 8.0.26, for Win64 (x86_64)
--
-- Host: 127.0.0.1    Database: paybuddy
-- ------------------------------------------------------
-- Server version	5.7.30-log

/*!40101 SET @OLD_CHARACTER_SET_CLIENT=@@CHARACTER_SET_CLIENT */;
/*!40101 SET @OLD_CHARACTER_SET_RESULTS=@@CHARACTER_SET_RESULTS */;
/*!40101 SET @OLD_COLLATION_CONNECTION=@@COLLATION_CONNECTION */;
/*!50503 SET NAMES utf8 */;
/*!40103 SET @OLD_TIME_ZONE=@@TIME_ZONE */;
/*!40103 SET TIME_ZONE='+00:00' */;
/*!40014 SET @OLD_UNIQUE_CHECKS=@@UNIQUE_CHECKS, UNIQUE_CHECKS=0 */;
/*!40014 SET @OLD_FOREIGN_KEY_CHECKS=@@FOREIGN_KEY_CHECKS, FOREIGN_KEY_CHECKS=0 */;
/*!40101 SET @OLD_SQL_MODE=@@SQL_MODE, SQL_MODE='NO_AUTO_VALUE_ON_ZERO' */;
/*!40111 SET @OLD_SQL_NOTES=@@SQL_NOTES, SQL_NOTES=0 */;

--
-- Table structure for table `compte_personnel_list_ami`
--

DROP TABLE IF EXISTS `compte_personnel_list_ami`;
/*!40101 SET @saved_cs_client     = @@character_set_client */;
/*!50503 SET character_set_client = utf8mb4 */;
CREATE TABLE `compte_personnel_list_ami` (
  `compte_personnel_model_id_compte_personnel` int(11) NOT NULL,
  `list_ami_id_compte_personnel` int(11) NOT NULL,
  KEY `FK6pnv0ocjlomy02u6lvi36m75h` (`list_ami_id_compte_personnel`),
  KEY `FK293mufrsd9n6lsiq1uby5r25h` (`compte_personnel_model_id_compte_personnel`),
  CONSTRAINT `FK293mufrsd9n6lsiq1uby5r25h` FOREIGN KEY (`compte_personnel_model_id_compte_personnel`) REFERENCES `compte_personnel` (`id_compte_personnel`),
  CONSTRAINT `FK6pnv0ocjlomy02u6lvi36m75h` FOREIGN KEY (`list_ami_id_compte_personnel`) REFERENCES `compte_personnel` (`id_compte_personnel`)
) ENGINE=InnoDB DEFAULT CHARSET=latin1;
/*!40101 SET character_set_client = @saved_cs_client */;

--
-- Dumping data for table `compte_personnel_list_ami`
--

LOCK TABLES `compte_personnel_list_ami` WRITE;
/*!40000 ALTER TABLE `compte_personnel_list_ami` DISABLE KEYS */;
INSERT INTO `compte_personnel_list_ami` VALUES (420,418),(418,417),(421,417),(423,422),(424,422),(424,423),(425,424),(425,423),(426,425),(426,424),(427,426),(427,425),(428,429),(428,429),(432,433),(432,433),(436,437),(440,441),(444,445),(448,449),(452,453),(456,457),(456,457),(456,457),(456,457),(456,457),(456,457),(460,461),(464,465),(464,465),(468,469),(472,473),(472,473),(484,485),(492,493),(417,418),(417,419),(417,422),(417,425);
/*!40000 ALTER TABLE `compte_personnel_list_ami` ENABLE KEYS */;
UNLOCK TABLES;
/*!40103 SET TIME_ZONE=@OLD_TIME_ZONE */;

/*!40101 SET SQL_MODE=@OLD_SQL_MODE */;
/*!40014 SET FOREIGN_KEY_CHECKS=@OLD_FOREIGN_KEY_CHECKS */;
/*!40014 SET UNIQUE_CHECKS=@OLD_UNIQUE_CHECKS */;
/*!40101 SET CHARACTER_SET_CLIENT=@OLD_CHARACTER_SET_CLIENT */;
/*!40101 SET CHARACTER_SET_RESULTS=@OLD_CHARACTER_SET_RESULTS */;
/*!40101 SET COLLATION_CONNECTION=@OLD_COLLATION_CONNECTION */;
/*!40111 SET SQL_NOTES=@OLD_SQL_NOTES */;

-- Dump completed on 2021-12-20 17:04:33

-- MySQL dump 10.13  Distrib 8.0.26, for Win64 (x86_64)
--
-- Host: 127.0.0.1    Database: paybuddy
-- ------------------------------------------------------
-- Server version	5.7.30-log

/*!40101 SET @OLD_CHARACTER_SET_CLIENT=@@CHARACTER_SET_CLIENT */;
/*!40101 SET @OLD_CHARACTER_SET_RESULTS=@@CHARACTER_SET_RESULTS */;
/*!40101 SET @OLD_COLLATION_CONNECTION=@@COLLATION_CONNECTION */;
/*!50503 SET NAMES utf8 */;
/*!40103 SET @OLD_TIME_ZONE=@@TIME_ZONE */;
/*!40103 SET TIME_ZONE='+00:00' */;
/*!40014 SET @OLD_UNIQUE_CHECKS=@@UNIQUE_CHECKS, UNIQUE_CHECKS=0 */;
/*!40014 SET @OLD_FOREIGN_KEY_CHECKS=@@FOREIGN_KEY_CHECKS, FOREIGN_KEY_CHECKS=0 */;
/*!40101 SET @OLD_SQL_MODE=@@SQL_MODE, SQL_MODE='NO_AUTO_VALUE_ON_ZERO' */;
/*!40111 SET @OLD_SQL_NOTES=@@SQL_NOTES, SQL_NOTES=0 */;

--
-- Table structure for table `operation_bancaire`
--

DROP TABLE IF EXISTS `operation_bancaire`;
/*!40101 SET @saved_cs_client     = @@character_set_client */;
/*!50503 SET character_set_client = utf8mb4 */;
CREATE TABLE `operation_bancaire` (
  `id_operation_bancaire` int(11) NOT NULL AUTO_INCREMENT,
  `date_precise` datetime DEFAULT NULL,
  `description` varchar(255) DEFAULT NULL,
  `montant_compte_bancaire` double DEFAULT NULL,
  `montant_retrait` double DEFAULT NULL,
  `montant_versement` double DEFAULT NULL,
  `id_compte_personnel` int(11) DEFAULT NULL,
  `id_du_compte_personnel` int(11) DEFAULT NULL,
  PRIMARY KEY (`id_operation_bancaire`),
  KEY `FKqs3l7vr616iur9abuop9nr9be` (`id_compte_personnel`),
  CONSTRAINT `FKqs3l7vr616iur9abuop9nr9be` FOREIGN KEY (`id_compte_personnel`) REFERENCES `compte_personnel` (`id_compte_personnel`)
) ENGINE=InnoDB AUTO_INCREMENT=711 DEFAULT CHARSET=latin1;
/*!40101 SET character_set_client = @saved_cs_client */;

--
-- Dumping data for table `operation_bancaire`
--

LOCK TABLES `operation_bancaire` WRITE;
/*!40000 ALTER TABLE `operation_bancaire` DISABLE KEYS */;
INSERT INTO `operation_bancaire` VALUES (428,'2021-10-23 18:45:33','description',-1000,0,1000,NULL,NULL),(429,'2021-10-23 18:46:49','description',-12,0,12,NULL,NULL),(430,'2021-10-23 19:05:12','description',50,0,50,NULL,NULL),(431,'2021-10-24 00:22:12','description',-8000,0,8000,NULL,NULL),(432,'2021-10-24 00:22:37','description',-500,0,500,NULL,NULL),(433,'2021-10-24 00:24:36','description',-50,0,50,NULL,NULL),(434,'2021-10-24 00:26:11','description',10,0,10,NULL,NULL),(435,'2021-10-24 00:27:21','description',-10,0,10,NULL,NULL),(436,'2021-10-24 00:28:00','description',-10,0,10,NULL,NULL),(437,'2021-10-24 00:29:31','description',-10,0,10,NULL,NULL),(438,'2021-10-24 00:30:58','description',-5,0,5,NULL,NULL),(439,'2021-10-24 00:31:11','description',-5,0,5,NULL,NULL),(440,'2021-10-24 00:31:11','description',-5,0,5,NULL,NULL),(441,'2021-10-24 00:31:13','description',-10,0,10,NULL,NULL),(442,'2021-10-24 00:31:16','description',10,0,10,NULL,NULL),(443,'2021-10-24 00:31:28','description',-15,0,15,NULL,NULL),(444,'2021-10-24 00:31:43','description',-1005,0,1005,NULL,NULL),(445,'2021-10-24 00:32:58','description',-10,0,10,NULL,NULL),(446,'2021-10-24 00:33:00','description',-10,0,10,NULL,NULL),(447,'2021-10-24 00:33:01','description',0,0,0,NULL,NULL),(448,'2021-10-24 00:33:53','description',-10,0,10,NULL,NULL),(449,'2021-10-24 00:33:57','description',-400,0,400,NULL,NULL),(450,'2021-10-24 00:34:01','description',-50,0,50,NULL,NULL),(451,'2021-10-24 00:49:20','description',-5,0,5,NULL,NULL),(452,'2021-10-24 00:49:53','description',0,0,0,NULL,NULL),(453,'2021-10-24 00:49:56','description',65,0,65,NULL,NULL),(454,'2021-10-24 00:51:40','description',-5,0,5,NULL,NULL),(455,'2021-10-24 00:52:22','description',-5,0,5,NULL,NULL),(456,'2021-10-24 00:53:52','description',-5,0,5,NULL,NULL),(457,'2021-10-24 00:54:32','description',-1,0,1,NULL,NULL),(458,'2021-10-24 00:55:38','description',-10,0,10,NULL,NULL),(459,'2021-10-24 00:55:43','description',-500,0,500,NULL,NULL),(460,'2021-10-24 00:55:49','description',-1500,0,1500,NULL,NULL),(461,'2021-10-24 01:01:47','description',-20,0,20,NULL,NULL),(462,'2021-10-24 01:02:33','description',-15,0,15,NULL,NULL),(463,'2021-10-24 01:03:23','description',-10,0,10,NULL,NULL),(464,'2021-10-24 01:04:24','description',-50,0,50,NULL,NULL),(465,'2021-10-24 01:06:14','description',-10,0,10,NULL,NULL),(466,'2021-10-24 01:06:58','description',-50,0,50,NULL,NULL),(467,'2021-10-25 20:05:35','description',-50,0,50,NULL,NULL),(468,'2021-10-28 12:00:38','description',-100,0,50,NULL,NULL),(469,'2021-10-28 12:00:44','description',-200,0,100,NULL,NULL),(470,'2021-10-28 12:05:49','Descriptio,',-200,0,50,NULL,NULL),(471,'2021-10-28 12:13:17','Descriptio,',-200,0,50,NULL,NULL),(472,'2021-10-28 12:15:59','description',-100,0,100,NULL,NULL),(473,'2021-10-28 12:21:15','description',50,0,50,NULL,NULL),(474,'2021-10-28 12:23:00','description',-50,0,50,NULL,NULL),(475,'2021-10-28 12:24:02','description',-50,0,50,NULL,NULL),(476,'2021-10-28 12:28:04','description',-30,0,30,NULL,NULL),(477,'2021-10-28 12:29:46','description',-30,0,30,NULL,NULL),(478,'2021-10-28 12:31:28','description',-10,0,10,NULL,NULL),(479,'2021-10-28 12:32:43','description',-10,0,10,NULL,NULL),(480,'2021-10-28 12:32:47','description',-10,0,10,NULL,NULL),(481,'2021-10-28 12:38:11','description',-50,0,50,NULL,NULL),(482,'2021-10-28 12:38:19','description',-50,0,50,NULL,NULL),(483,'2021-10-28 12:39:21','description',-20,0,20,NULL,NULL),(484,'2021-10-28 12:41:08','description',-30,0,30,NULL,NULL),(485,'2021-10-28 12:41:50','description',-30,0,30,NULL,NULL),(486,'2021-10-28 12:43:22','description',-50,0,50,NULL,NULL),(487,'2021-10-28 12:46:31','description',-30,0,30,NULL,NULL),(488,'2021-10-28 12:50:12','description',-50,0,50,NULL,NULL),(489,'2021-10-28 12:53:17','description',-50,0,50,NULL,NULL),(490,'2021-10-28 12:53:26','description',50,0,50,NULL,NULL),(491,'2021-10-28 12:58:58','description',-12,0,12,NULL,NULL),(492,'2021-10-28 12:59:06','description',-12,0,12,NULL,NULL),(493,NULL,NULL,0,0,5,NULL,NULL),(494,'2021-10-28 13:00:09','description',-5,0,5,NULL,NULL),(495,NULL,NULL,0,0,153,NULL,NULL),(496,'2021-10-28 13:00:18','description',-153,0,153,NULL,NULL),(497,NULL,NULL,0,0,30,NULL,NULL),(498,'2021-10-28 13:01:38','description',-30,0,30,NULL,NULL),(499,NULL,NULL,0,0,30,NULL,NULL),(500,'2021-10-28 13:01:43','description',-30,0,30,NULL,NULL),(501,NULL,NULL,0,0,10,NULL,NULL),(502,'2021-10-28 13:02:24','description',-10,0,10,NULL,NULL),(503,NULL,NULL,0,0,15,NULL,NULL),(504,'2021-10-28 13:03:02','description',-15,0,15,NULL,NULL),(505,'2021-10-28 13:03:38','description',-15,0,15,NULL,NULL),(506,'2021-10-28 13:03:46','description',-30,0,30,NULL,NULL),(507,NULL,NULL,0,0,30,NULL,NULL),(508,'2021-10-28 13:05:11','description',-30,0,30,NULL,NULL),(509,NULL,NULL,0,0,20,NULL,NULL),(510,'2021-10-28 13:06:22','description',-20,0,20,NULL,NULL),(511,NULL,NULL,0,0,15,NULL,NULL),(512,'2021-10-28 13:06:31','description',-15,0,15,NULL,NULL),(513,'2021-10-28 13:06:34','description',30,0,30,NULL,NULL),(514,'2021-10-28 13:06:48','description',30,0,30,NULL,NULL),(515,NULL,NULL,0,0,30,NULL,NULL),(516,'2021-10-28 13:08:13','description',-30,0,30,NULL,NULL),(517,NULL,NULL,0,0,20,NULL,NULL),(518,'2021-10-28 13:09:25','description',-20,0,20,NULL,NULL),(519,'2021-10-28 13:10:03','description',-30,0,30,NULL,NULL),(520,'2021-10-28 13:12:10','description',-30,0,30,NULL,0),(521,'2021-10-28 13:14:27','description',-50,0,50,NULL,417),(522,'2021-10-28 13:14:37','description',-30,0,30,NULL,417),(523,'2021-10-28 13:14:59','description',-7000,0,7000,NULL,418),(524,'2021-10-28 13:17:04','description',50,0,50,NULL,417),(525,'2021-10-28 13:24:15','description',-50,0,50,NULL,417),(526,'2021-10-28 13:24:19','description',50,50,0,NULL,417),(527,'2021-10-28 13:25:40','description',-15,0,15,NULL,417),(528,'2021-10-28 13:28:48','description',-30,0,30,NULL,417),(529,'2021-10-28 13:30:47','description',0,0,20,NULL,417),(530,'2021-10-28 13:30:53','description',0,0,15,NULL,417),(531,'2021-10-28 13:31:00','description',50,50,0,NULL,417),(532,'2021-10-28 13:31:05','description',100,100,0,NULL,417),(533,'2021-10-28 13:33:00','description',0,0,100,NULL,417),(534,'2021-10-28 13:33:04','description',50,50,0,NULL,417),(535,'2021-10-28 13:33:09','description',50,50,0,NULL,417),(536,'2021-10-28 13:50:42','description',-50,0,50,NULL,417),(537,'2021-10-28 13:50:49','description',50,50,0,NULL,417),(538,'2021-10-28 13:52:22','description',-50,0,50,NULL,417),(539,'2021-10-28 13:52:31','description',50,50,0,NULL,417),(540,'2021-10-28 13:52:34','description',-50,0,50,NULL,417),(541,'2021-10-28 13:53:29','description',-50,0,50,NULL,417),(542,'2021-10-28 13:57:01','description',50,0,50,NULL,417),(543,'2021-10-28 13:57:06','description',-50,50,0,NULL,417),(544,'2021-11-01 20:03:19','description',-1500,0,1500,NULL,421),(545,'2021-11-01 20:03:31','description',-1500,0,1500,NULL,421),(546,'2021-11-01 20:05:30','description',-1500,0,1500,NULL,417),(547,'2021-11-01 20:07:19','description',-50,0,50,NULL,418),(548,'2021-11-04 16:46:47','description',-50,0,50,NULL,417),(549,'2021-11-04 16:48:31','description',-50,0,50,NULL,417),(550,'2021-11-04 16:49:31','description',-50,0,50,NULL,417),(551,'2021-11-04 16:51:30','description',-50,0,50,NULL,417),(552,'2021-11-04 16:53:05','description',-50,0,50,NULL,417),(553,'2021-11-04 16:54:50','description',-50,0,50,NULL,417),(554,'2021-11-04 16:56:12','description',-50,0,50,NULL,417),(555,'2021-11-04 16:56:17','description',-50,0,50,NULL,417),(556,'2021-11-04 16:56:23','description',50,50,0,NULL,417),(557,'2021-11-04 16:56:27','description',50,50,0,NULL,417),(558,'2021-11-04 16:57:54','description',-50,50,0,NULL,417),(559,'2021-11-04 16:57:59','description',-50,50,0,NULL,417),(560,'2021-11-04 16:58:05','description',-50,0,50,NULL,417),(561,'2021-11-04 16:58:11','description',-150,150,0,NULL,417),(562,'2021-12-08 19:35:46','description',-50,0,50,NULL,423),(563,'2021-12-15 17:15:33','description',-500,0,500,NULL,424),(564,'2021-12-15 17:15:45','description',-500,500,0,NULL,424),(565,'2021-12-15 17:16:00','description',-1000,0,1000,NULL,424),(566,'2021-12-15 17:19:57','description',-125,125,0,NULL,422),(567,'2021-12-15 19:05:43','description',-1000,0,1000,NULL,425),(568,'2021-12-20 14:10:56','description',-1000,0,1000,NULL,426),(569,'2021-12-20 14:11:27','description',-500,500,0,NULL,426),(570,'2021-12-20 15:11:12','description',-500,0,500,NULL,427),(571,'2021-12-20 15:11:36','description',-250,250,0,NULL,427),(572,NULL,NULL,993760,0,0,NULL,0),(573,NULL,NULL,504407,0,0,NULL,0),(574,NULL,NULL,1085776,0,0,NULL,0),(575,NULL,NULL,438887,0,0,NULL,0),(576,NULL,NULL,626509,0,0,NULL,0),(577,NULL,NULL,587465,0,0,NULL,0),(578,NULL,NULL,991032,0,0,NULL,0),(579,NULL,NULL,850711,0,0,NULL,0),(580,NULL,NULL,256654,0,0,NULL,0),(581,NULL,NULL,635441,0,0,NULL,0),(582,NULL,NULL,888108,0,0,NULL,0),(583,NULL,NULL,68477,0,0,NULL,0),(584,NULL,NULL,1052575,0,0,NULL,0),(585,NULL,NULL,672795,0,0,NULL,0),(586,NULL,NULL,1031954,0,0,NULL,0),(587,NULL,NULL,544622,0,0,NULL,0),(588,NULL,NULL,88874,0,0,NULL,0),(589,NULL,NULL,1067718,0,0,NULL,0),(590,NULL,NULL,1100849,0,0,NULL,0),(591,NULL,NULL,265862,0,0,NULL,0),(592,NULL,NULL,437703,0,0,NULL,0),(593,NULL,NULL,125913,0,0,NULL,0),(594,NULL,NULL,226594,0,0,NULL,0),(595,NULL,NULL,408848,0,0,NULL,0),(596,NULL,NULL,821929,0,0,NULL,0),(597,NULL,NULL,915931,0,0,NULL,0),(598,NULL,NULL,1000506,0,0,NULL,0),(599,NULL,NULL,498871,0,0,NULL,0),(600,NULL,NULL,934960,0,0,NULL,0),(601,NULL,NULL,542460,0,0,NULL,0),(602,NULL,NULL,680849,0,0,NULL,0),(603,NULL,NULL,230936,0,0,NULL,0),(604,NULL,NULL,905109,0,0,NULL,0),(605,NULL,NULL,134455,0,0,NULL,0),(606,NULL,NULL,452297,0,0,NULL,0),(607,NULL,NULL,677023,0,0,NULL,0),(608,NULL,NULL,191779,0,0,NULL,0),(609,NULL,NULL,1083368,0,0,NULL,0),(610,NULL,NULL,877696,0,0,NULL,0),(611,NULL,NULL,71838,0,0,NULL,0),(612,NULL,NULL,473305,0,0,NULL,0),(613,NULL,NULL,272457,0,0,NULL,0),(614,NULL,NULL,800691,0,0,NULL,0),(615,NULL,NULL,975884,0,0,NULL,0),(616,NULL,NULL,77598,0,0,NULL,0),(617,NULL,NULL,926759,0,0,NULL,0),(618,NULL,NULL,806701,0,0,NULL,0),(619,NULL,NULL,775636,0,0,NULL,0),(620,NULL,NULL,696123,0,0,NULL,0),(621,NULL,NULL,791536,0,0,NULL,0),(622,NULL,NULL,715205,0,0,NULL,0),(623,NULL,NULL,573772,0,0,NULL,0),(624,NULL,NULL,763359,0,0,NULL,0),(625,NULL,NULL,518259,0,0,NULL,0),(626,NULL,NULL,902869,0,0,NULL,0),(627,NULL,NULL,282296,0,0,NULL,0),(628,NULL,NULL,156830,0,0,NULL,0),(629,NULL,NULL,764477,0,0,NULL,0),(630,NULL,NULL,395075,0,0,NULL,0),(631,NULL,NULL,328999,0,0,NULL,0),(632,'2021-12-20 15:24:27','Description',-9502,0,9502,NULL,484),(633,NULL,NULL,700858,0,0,NULL,0),(634,NULL,NULL,108738,0,0,NULL,0),(635,NULL,NULL,166786,0,0,NULL,0),(636,NULL,NULL,1097703,0,0,NULL,0),(637,NULL,NULL,10746,0,0,NULL,0),(638,NULL,NULL,635146,0,0,NULL,0),(639,NULL,NULL,1100990,0,0,NULL,0),(640,NULL,NULL,1053325,0,0,NULL,0),(641,'2021-12-20 15:24:27','Description',-1127,1127,0,NULL,492),(642,NULL,NULL,567366,0,0,NULL,0),(643,NULL,NULL,855966,0,0,NULL,0),(644,NULL,NULL,292379,0,0,NULL,0),(645,NULL,NULL,646955,0,0,NULL,0),(646,NULL,NULL,824955,0,0,NULL,0),(647,NULL,NULL,154690,0,0,NULL,0),(648,NULL,NULL,173304,0,0,NULL,0),(649,NULL,NULL,908428,0,0,NULL,0),(650,NULL,NULL,889128,0,0,NULL,0),(651,NULL,NULL,314239,0,0,NULL,0),(652,NULL,NULL,442208,0,0,NULL,0),(653,NULL,NULL,172137,0,0,NULL,0),(654,NULL,NULL,1016378,0,0,NULL,0),(655,NULL,NULL,584043,0,0,NULL,0),(656,NULL,NULL,182655,0,0,NULL,0),(657,NULL,NULL,887965,0,0,NULL,0),(658,NULL,NULL,201304,0,0,NULL,0),(659,NULL,NULL,498830,0,0,NULL,0),(660,NULL,NULL,694328,0,0,NULL,0),(661,NULL,NULL,947506,0,0,NULL,0),(662,NULL,NULL,911450,0,0,NULL,0),(663,NULL,NULL,641638,0,0,NULL,0),(664,NULL,NULL,702702,0,0,NULL,0),(665,NULL,NULL,682125,0,0,NULL,0),(666,NULL,NULL,953862,0,0,NULL,0),(667,NULL,NULL,481185,0,0,NULL,0),(668,NULL,NULL,353312,0,0,NULL,0),(669,NULL,NULL,656304,0,0,NULL,0),(670,NULL,NULL,53959,0,0,NULL,0),(671,NULL,NULL,592056,0,0,NULL,0),(672,NULL,NULL,5326,0,0,NULL,0),(673,NULL,NULL,198199,0,0,NULL,0),(674,NULL,NULL,242252,0,0,NULL,0),(675,NULL,NULL,807879,0,0,NULL,0),(676,NULL,NULL,234535,0,0,NULL,0),(677,NULL,NULL,557889,0,0,NULL,0),(682,NULL,NULL,159397,0,0,NULL,0),(683,NULL,NULL,603273,0,0,NULL,0),(684,NULL,NULL,252543,0,0,NULL,0),(685,NULL,NULL,690122,0,0,NULL,0),(690,NULL,NULL,469472,0,0,NULL,0),(691,NULL,NULL,16002,0,0,NULL,0),(692,NULL,NULL,89242,0,0,NULL,0),(693,NULL,NULL,643941,0,0,NULL,0),(694,NULL,NULL,725759,0,0,NULL,0),(695,NULL,NULL,436974,0,0,NULL,0),(696,NULL,NULL,508552,0,0,NULL,0),(697,NULL,NULL,396151,0,0,NULL,0),(702,NULL,NULL,224622,0,0,NULL,0),(703,NULL,NULL,496517,0,0,NULL,0),(704,NULL,NULL,959657,0,0,NULL,0),(705,NULL,NULL,517883,0,0,NULL,0),(706,NULL,NULL,725973,0,0,NULL,0),(707,NULL,NULL,162225,0,0,NULL,0),(708,NULL,NULL,94369,0,0,NULL,0),(709,NULL,NULL,482743,0,0,NULL,0),(710,'2021-12-20 16:04:43','description',-50,0,50,NULL,417);
/*!40000 ALTER TABLE `operation_bancaire` ENABLE KEYS */;
UNLOCK TABLES;
/*!40103 SET TIME_ZONE=@OLD_TIME_ZONE */;

/*!40101 SET SQL_MODE=@OLD_SQL_MODE */;
/*!40014 SET FOREIGN_KEY_CHECKS=@OLD_FOREIGN_KEY_CHECKS */;
/*!40014 SET UNIQUE_CHECKS=@OLD_UNIQUE_CHECKS */;
/*!40101 SET CHARACTER_SET_CLIENT=@OLD_CHARACTER_SET_CLIENT */;
/*!40101 SET CHARACTER_SET_RESULTS=@OLD_CHARACTER_SET_RESULTS */;
/*!40101 SET COLLATION_CONNECTION=@OLD_COLLATION_CONNECTION */;
/*!40111 SET SQL_NOTES=@OLD_SQL_NOTES */;

-- Dump completed on 2021-12-20 17:04:33

-- MySQL dump 10.13  Distrib 8.0.26, for Win64 (x86_64)
--
-- Host: 127.0.0.1    Database: paybuddy
-- ------------------------------------------------------
-- Server version	5.7.30-log

/*!40101 SET @OLD_CHARACTER_SET_CLIENT=@@CHARACTER_SET_CLIENT */;
/*!40101 SET @OLD_CHARACTER_SET_RESULTS=@@CHARACTER_SET_RESULTS */;
/*!40101 SET @OLD_COLLATION_CONNECTION=@@COLLATION_CONNECTION */;
/*!50503 SET NAMES utf8 */;
/*!40103 SET @OLD_TIME_ZONE=@@TIME_ZONE */;
/*!40103 SET TIME_ZONE='+00:00' */;
/*!40014 SET @OLD_UNIQUE_CHECKS=@@UNIQUE_CHECKS, UNIQUE_CHECKS=0 */;
/*!40014 SET @OLD_FOREIGN_KEY_CHECKS=@@FOREIGN_KEY_CHECKS, FOREIGN_KEY_CHECKS=0 */;
/*!40101 SET @OLD_SQL_MODE=@@SQL_MODE, SQL_MODE='NO_AUTO_VALUE_ON_ZERO' */;
/*!40111 SET @OLD_SQL_NOTES=@@SQL_NOTES, SQL_NOTES=0 */;

--
-- Table structure for table `user`
--

DROP TABLE IF EXISTS `user`;
/*!40101 SET @saved_cs_client     = @@character_set_client */;
/*!50503 SET character_set_client = utf8mb4 */;
CREATE TABLE `user` (
  `user_id` int(11) NOT NULL AUTO_INCREMENT,
  `password` varchar(255) DEFAULT NULL,
  `username` varchar(255) DEFAULT NULL,
  PRIMARY KEY (`user_id`)
) ENGINE=InnoDB DEFAULT CHARSET=latin1;
/*!40101 SET character_set_client = @saved_cs_client */;

--
-- Dumping data for table `user`
--

LOCK TABLES `user` WRITE;
/*!40000 ALTER TABLE `user` DISABLE KEYS */;
/*!40000 ALTER TABLE `user` ENABLE KEYS */;
UNLOCK TABLES;
/*!40103 SET TIME_ZONE=@OLD_TIME_ZONE */;

/*!40101 SET SQL_MODE=@OLD_SQL_MODE */;
/*!40014 SET FOREIGN_KEY_CHECKS=@OLD_FOREIGN_KEY_CHECKS */;
/*!40014 SET UNIQUE_CHECKS=@OLD_UNIQUE_CHECKS */;
/*!40101 SET CHARACTER_SET_CLIENT=@OLD_CHARACTER_SET_CLIENT */;
/*!40101 SET CHARACTER_SET_RESULTS=@OLD_CHARACTER_SET_RESULTS */;
/*!40101 SET COLLATION_CONNECTION=@OLD_COLLATION_CONNECTION */;
/*!40111 SET SQL_NOTES=@OLD_SQL_NOTES */;

-- Dump completed on 2021-12-20 17:04:34

-- MySQL dump 10.13  Distrib 8.0.26, for Win64 (x86_64)
--
-- Host: 127.0.0.1    Database: paybuddy
-- ------------------------------------------------------
-- Server version	5.7.30-log

/*!40101 SET @OLD_CHARACTER_SET_CLIENT=@@CHARACTER_SET_CLIENT */;
/*!40101 SET @OLD_CHARACTER_SET_RESULTS=@@CHARACTER_SET_RESULTS */;
/*!40101 SET @OLD_COLLATION_CONNECTION=@@COLLATION_CONNECTION */;
/*!50503 SET NAMES utf8 */;
/*!40103 SET @OLD_TIME_ZONE=@@TIME_ZONE */;
/*!40103 SET TIME_ZONE='+00:00' */;
/*!40014 SET @OLD_UNIQUE_CHECKS=@@UNIQUE_CHECKS, UNIQUE_CHECKS=0 */;
/*!40014 SET @OLD_FOREIGN_KEY_CHECKS=@@FOREIGN_KEY_CHECKS, FOREIGN_KEY_CHECKS=0 */;
/*!40101 SET @OLD_SQL_MODE=@@SQL_MODE, SQL_MODE='NO_AUTO_VALUE_ON_ZERO' */;
/*!40111 SET @OLD_SQL_NOTES=@@SQL_NOTES, SQL_NOTES=0 */;

--
-- Table structure for table `virement`
--

DROP TABLE IF EXISTS `virement`;
/*!40101 SET @saved_cs_client     = @@character_set_client */;
/*!50503 SET character_set_client = utf8mb4 */;
CREATE TABLE `virement` (
  `id_virement` int(11) NOT NULL AUTO_INCREMENT,
  `date_precise` datetime DEFAULT NULL,
  `description` varchar(255) DEFAULT NULL,
  `montant_commission` double DEFAULT NULL,
  `montant_transaction` double DEFAULT NULL,
  `pseudo_emetteur` varchar(255) DEFAULT NULL,
  `id_compte_personnel` int(11) DEFAULT NULL,
  `id_compte_personnel_emetteur` int(11) DEFAULT NULL,
  `id_compte_personnel_recepteur` int(11) DEFAULT NULL,
  PRIMARY KEY (`id_virement`),
  KEY `FK9tf3cen81yd5gy41e0uakk7ig` (`id_compte_personnel`),
  KEY `FKfw02dlpfl1nx15dnhx3ai6o04` (`id_compte_personnel_emetteur`),
  KEY `FKj0iguvjg827iat76ft1q3ndyg` (`id_compte_personnel_recepteur`),
  CONSTRAINT `FK9tf3cen81yd5gy41e0uakk7ig` FOREIGN KEY (`id_compte_personnel`) REFERENCES `compte_personnel` (`id_compte_personnel`),
  CONSTRAINT `FKfw02dlpfl1nx15dnhx3ai6o04` FOREIGN KEY (`id_compte_personnel_emetteur`) REFERENCES `compte_personnel` (`id_compte_personnel`),
  CONSTRAINT `FKj0iguvjg827iat76ft1q3ndyg` FOREIGN KEY (`id_compte_personnel_recepteur`) REFERENCES `compte_personnel` (`id_compte_personnel`)
) ENGINE=InnoDB AUTO_INCREMENT=125 DEFAULT CHARSET=latin1;
/*!40101 SET character_set_client = @saved_cs_client */;

--
-- Dumping data for table `virement`
--

LOCK TABLES `virement` WRITE;
/*!40000 ALTER TABLE `virement` DISABLE KEYS */;
INSERT INTO `virement` VALUES (77,'2021-10-23 18:56:24','commentaire',0.1,20,'compte1',NULL,417,418),(78,'2021-10-23 18:56:27','commentaire',0.1,20,'compte1',NULL,417,418),(79,'2021-10-24 00:14:05','commentaire',0.005,1,'compte1',NULL,417,418),(80,'2021-10-24 00:19:30','commentaire',0.25,50,'compte1',NULL,417,419),(81,'2021-10-24 00:20:26','commentaire',0.1,20,'compte1',NULL,417,418),(82,'2021-10-24 00:27:08','commentaire',0.005,1,'compte4',NULL,420,418),(83,'2021-10-24 00:52:29','commentaire',0.025,5,'compte1',NULL,417,418),(84,'2021-10-24 00:52:45','commentaire',0.025,5,'compte1',NULL,417,418),(85,'2021-10-24 00:54:37','commentaire',0.005,1,'compte1',NULL,417,418),(86,'2021-10-24 00:55:28','commentaire',0.015,3,'compte1',NULL,417,418),(87,'2021-10-25 12:31:07','commentaire',0.1,20,'compte1',NULL,417,419),(88,'2021-10-25 12:50:23','commentaire',0.075,15,'compte1',NULL,417,418),(89,'2021-10-25 17:55:47','commentaire',0.05,10,'compte1',NULL,417,418),(90,'2021-10-25 17:55:59','commentaire',0.075,15,'compte1',NULL,417,418),(91,'2021-10-25 17:56:05','commentaire',0.15,30,'compte1',NULL,417,418),(92,'2021-10-25 20:07:36','commentaire',0.25,50,'compte1',NULL,417,418),(93,'2021-10-28 12:20:44','commentaire',0.05,10,'compte2',NULL,418,417),(94,'2021-11-01 20:06:04','commentaire',0.05,10,'compte1',NULL,417,418),(95,'2021-11-04 16:58:22','commentaire',7.5,1500,'compte1',NULL,417,418),(96,'2021-11-04 22:19:17','commentaire',7.5,1500,'compte1',NULL,417,418),(97,'2021-11-04 22:21:55','commentaire',0.005,1,'compte1',NULL,417,419),(98,'2021-12-08 19:35:55','commentaire',0.125,25,'paul',NULL,423,422),(99,'2021-12-15 17:18:07','commentaire',0.5,100,'compte9',NULL,424,422),(100,'2021-12-15 17:18:50','commentaire',2.5,500,'compte9',NULL,424,423),(101,'2021-12-15 19:06:31','commentaire',3,600,'compte10',NULL,425,424),(102,'2021-12-20 14:12:36','commentaire',0.5,100,'compte11',NULL,426,425),(103,'2021-12-20 15:12:26','commentaire',0.5,100,'compte12',NULL,427,426),(104,'2021-12-20 15:24:24','Commentaire',5.703375,1140.675,'GFXSOPSP',NULL,432,433),(105,'2021-12-20 15:24:25','Commentaire',28.868625,5773.725,NULL,NULL,NULL,NULL),(106,NULL,NULL,0,0,NULL,NULL,NULL,NULL),(107,'2021-12-20 15:24:26','commentaire',0.05,10,'GGKBLMHJ',NULL,456,457),(108,'2021-12-20 15:24:26','commentaire',0.05,10,'GGKBLMHJ',NULL,456,457),(109,'2021-12-20 15:24:26','commentaire',0.05,10,'GGKBLMHJ',NULL,456,457),(110,'2021-12-20 15:24:26','commentaire',0.05,10,'GGKBLMHJ',NULL,456,457),(111,'2021-12-20 15:24:26','commentaire',0.05,10,'GGKBLMHJ',NULL,456,457),(112,NULL,NULL,0,0,NULL,NULL,NULL,NULL),(113,'2021-12-20 15:24:26','Commentaire',10.7761125,2155.2225,'DLCZRRZBM',NULL,464,465),(115,'2021-12-20 16:37:27','commentaire',0.005,1,'compte1',NULL,417,418),(118,'2021-12-20 16:56:53','commentaire',0.005,1,'compte1',NULL,417,418),(119,'2021-12-20 16:57:01','commentaire',0.025,5,'compte1',NULL,417,418),(120,'2021-12-20 16:57:40','commentaire',0.05,10,'compte1',NULL,417,425),(121,'2021-12-20 16:59:28','commentaire',0.025,5,'compte1',NULL,417,418),(122,'2021-12-20 17:00:24','commentaire',0.005,1,'compte1',NULL,417,418),(123,'2021-12-20 17:00:28','commentaire',0.25,50,'compte1',NULL,417,418),(124,'2021-12-20 17:00:32','commentaire',1.25,250,'compte1',NULL,417,418);
/*!40000 ALTER TABLE `virement` ENABLE KEYS */;
UNLOCK TABLES;
/*!40103 SET TIME_ZONE=@OLD_TIME_ZONE */;

/*!40101 SET SQL_MODE=@OLD_SQL_MODE */;
/*!40014 SET FOREIGN_KEY_CHECKS=@OLD_FOREIGN_KEY_CHECKS */;
/*!40014 SET UNIQUE_CHECKS=@OLD_UNIQUE_CHECKS */;
/*!40101 SET CHARACTER_SET_CLIENT=@OLD_CHARACTER_SET_CLIENT */;
/*!40101 SET CHARACTER_SET_RESULTS=@OLD_CHARACTER_SET_RESULTS */;
/*!40101 SET COLLATION_CONNECTION=@OLD_COLLATION_CONNECTION */;
/*!40111 SET SQL_NOTES=@OLD_SQL_NOTES */;

-- Dump completed on 2021-12-20 17:04:33



